Workbook

Sheet Payroll
A1: ลำดับ | B1: รหัสพนักงาน | C1: ชื่อ - นามสกุล | D1: ตำแหน่ง | E1: แผนก | F1: อัตราเงินเดือน | G1: เงินได้ | N1: เงินหัก | T1: รวมเงินได้สุทธิ
G2: ค่าแรง | H2: ค่าตำแหน่ง | I2: OT | J2: พิเศษ | K2: โบนัส | L2: เงินได้อื่นๆ | M2: รวมเงินได้ | N2: ประกันสังคม | O2: ภาษีเงินได้ | P2: สำรองเลี้ยงชีพ | Q2: เงินเบิก | R2: หักอื่นๆ | S2: รวมเงินหัก
A3: 1 | B3: 1001 | C3: สัมพันธ์ นาทะคำ | D3: - | E3: - | G3: 5133.1467 | I3: 2566.56 | J3: 600 | K3: 0 | L3: 0 | M3: =SUM(G3:K3) -> 8299.7067 | N3: 256.65733 | O3: 0 | Q3: 0 | R3: 0 | S3: =SUM(N3:R3) -> 256.65733 | T3: =+M3-S3 -> 8043.0493
A4: 2 | B4: 1002 | C4: สมพงษ์ แก้วบุดดา | D4: - | E4: - | G4: 6533.338 | I4: 3266.62 | J4: 7800 | M4: =SUM(G4:K4) -> 17599.958 | N4: 326.6669 | Q4: 0 | S4: =SUM(N4:R4) -> 326.6669 | T4: =+M4-S4 -> 17273.291
A5: 3 | B5: 1003 | C5: อนัน เนื่องแอม | D5: - | E5: - | G5: 6066.6707 | I5: 3033.29 | J5: 7800 | M5: =SUM(G5:K5) -> 16899.961 | N5: 303.33353 | Q5: 0 | S5: =SUM(N5:R5) -> 303.33353 | T5: =+M5-S5 -> 16596.627
A6: 4 | B6: 1004 | C6: ศักดิ์ดา | D6: - | E6: - | G6: 5600 | I6: 2799.96 | J6: 0 | M6: =SUM(G6:K6) -> 8399.96 | N6: 280 | Q6: 0 | S6: =SUM(N6:R6) -> 280 | T6: =+M6-S6 -> 8119.96
A7: 5 | B7: 1005 | C7: นพรุธ คำน้อย | D7: - | E7: - | G7: 4666 | I7: 2333 | J7: 0 | M7: =SUM(G7:K7) -> 6999 | N7: 233.3 | Q7: 3000 | S7: =SUM(N7:R7) -> 3233.3 | T7: =+M7-S7 -> 3765.7
A8: 6 | B8: 1006 | C8: ณัฐวุฒิ อู่เงิน | D8: - | E8: - | G8: 6099.9567 | I8: 3046.53 | J8: 900 | M8: =SUM(G8:K8) -> 10046.487 | N8: 304.99783 | Q8: 3000 | S8: =SUM(N8:R8) -> 3304.9978 | T8: =+M8-S8 -> 6741.4888
A9: 7 | B9: 1007 | C9: นัฐพล ประดับราช | D9: - | E9: - | G9: 3349.96 | I9: 1565.58 | J9: 0 | M9: =SUM(G9:K9) -> 4915.54 | N9: 167.498 | Q9: 0 | S9: =SUM(N9:R9) -> 167.498 | T9: =+M9-S9 -> 4748.042
A10: 8 | B10: 1008 | C10: ธนากร อิทธิกุล | D10: - | E10: - | G10: 3033.31 | I10: 1514.8 | J10: 0 | M10: =SUM(G10:K10) -> 4548.11 | N10: 151.6655 | Q10: 0 | S10: =SUM(N10:R10) -> 151.6655 | T10: =+M10-S10 -> 4396.4445
A11: 9 | B11: 1009 | C11: มานนท์ | D11: - | E11: - | G11: 4549.9667 | I11: 2164 | J11: 0 | M11: =SUM(G11:K11) -> 6713.9667 | Q11: 3000 | S11: =SUM(N11:R11) -> 3000 | T11: =+M11-S11 -> 3713.9667
A12: 10 | B12: 1010 | C12: อาโบ (กระเหรี่ยง) | D12: - | E12: - | G12: 4799.9667 | I12: 2397.33 | J12: 0 | M12: =SUM(G12:K12) -> 7197.2967 | Q12: 0 | S12: =SUM(N12:R12) -> 0 | T12: =+M12-S12 -> 7197.2967
A13: 11 | B13: 1011 | C13: ประหยัด เล็กกลาง | D13: - | E13: - | G13: 1733.32 | I13: 865.6 | J13: 0 | M13: =SUM(G13:K13) -> 2598.92 | N13: 86.666 | Q13: 0 | S13: =SUM(N13:R13) -> 86.666 | T13: =+M13-S13 -> 2512.254
A14: 12 | B14: 1012 | C14: วรพรรณ อุ่นจิตร | D14: - | E14: - | G14: 5199.96 | I14: 2380.4 | J14: 0 | M14: =SUM(G14:K14) -> 7580.36 | N14: 259.998 | Q14: 0 | S14: =SUM(N14:R14) -> 259.998 | T14: =+M14-S14 -> 7320.362
A15: 13 | B15: 1013 | C15: จิรภัทร คันทา | D15: - | E15: - | G15: 5199.96 | I15: 2380.4 | J15: 0 | M15: =SUM(G15:K15) -> 7580.36 | Q15: 2000 | S15: =SUM(N15:R15) -> 2000 | T15: =+M15-S15 -> 5580.36
A16: 14 | B16: 1014 | C16: เอกชัย นามเสนา | D16: - | E16: - | G16: 6066.62 | I16: 3029.6 | J16: 3600 | M16: =SUM(G16:K16) -> 12696.22 | N16: 303.331 | Q16: 3000 | S16: =SUM(N16:R16) -> 3303.331 | T16: =+M16-S16 -> 9392.889
A17: 15 | B17: 1015 | C17: สวรรค์ สายทอง | D17: - | E17: - | G17: 4284 | I17: 2160 | J17: 0 | M17: =SUM(G17:K17) -> 6444 | N17: 214.2 | Q17: 0 | S17: =SUM(N17:R17) -> 214.2 | T17: =+M17-S17 -> 6229.8
A18: 16 | B18: 1016 | C18: วัชรชัย ชิณวงศ์พรหม | D18: - | E18: - | G18: 4641 | I18: 2340 | J18: 0 | M18: =SUM(G18:K18) -> 6981 | N18: 232.05 | Q18: 3000 | S18: =SUM(N18:R18) -> 3232.05 | T18: =+M18-S18 -> 3748.95
A19: 17 | B19: 1017 | C19: น้ำฝน ชูนาค | D19: - | E19: - | G19: 4998 | I19: 2520 | J19: 0 | M19: =SUM(G19:K19) -> 7518 | N19: 249.9 | Q19: 3000 | S19: =SUM(N19:R19) -> 3249.9 | T19: =+M19-S19 -> 4268.1
A20: 18 | B20: 1018 | C20: กมลวรรณ อ่อนนุ่ม | D20: - | E20: - | G20: 4284 | I20: 2160 | J20: 0 | M20: =SUM(G20:K20) -> 6444 | Q20: 2000 | S20: =SUM(N20:R20) -> 2000 | T20: =+M20-S20 -> 4444
A21: 19 | B21: 1019 | C21: ใบเตี้ย สายพรม | D21: - | E21: - | G21: 3570 | I21: 1800 | J21: 185 | M21: =SUM(G21:K21) -> 5555 | N21: 178.5 | Q21: 3000 | S21: =SUM(N21:R21) -> 3178.5 | T21: =+M21-S21 -> 2376.5
A22: 20 | B22: 1020 | C22: ณัฐริกา มนตรี | D22: - | E22: - | G22: 3927 | I22: 1980 | J22: 185 | M22: =SUM(G22:K22) -> 6092 | N22: 196.35 | Q22: 3000 | S22: =SUM(N22:R22) -> 3196.35 | T22: =+M22-S22 -> 2895.65
A23: 21 | B23: 1021 | C23: มาริษา หอมหวน | D23: - | E23: - | G23: 4642 | I23: 2340 | J23: 537 | M23: =SUM(G23:K23) -> 7519 | Q23: 3000 | S23: =SUM(N23:R23) -> 3000 | T23: =+M23-S23 -> 4519
A24: 22 | B24: 1022 | C24: นางอุไรรัตน์ ดามัง | D24: - | E24: - | G24: 4641 | I24: 2340 | J24: 537 | M24: =SUM(G24:K24) -> 7518 | N24: 232.05 | Q24: 3000 | S24: =SUM(N24:R24) -> 3232.05 | T24: =+M24-S24 -> 4285.95
A25: 23 | B25: 1023 | C25: สุมิตรา เลิศฤทธิ์ | D25: - | E25: - | G25: 2499 | I25: 1260 | J25: 150 | M25: =SUM(G25:K25) -> 3909 | N25: 124.95 | Q25: 0 | S25: =SUM(N25:R25) -> 124.95 | T25: =+M25-S25 -> 3784.05
A26: 24 | B26: 1024 | C26: ยุทธนา เตยสันเที๊ยะ | D26: - | E26: - | G26: 4641 | I26: 2340 | J26: 0 | M26: =SUM(G26:K26) -> 6981 | N26: 232.05 | Q26: 3000 | S26: =SUM(N26:R26) -> 3232.05 | T26: =+M26-S26 -> 3748.95
A27: 25 | B27: 1025 | C27: อรอนงค์ จันทร์เทียน | D27: - | E27: - | G27: 4641 | I27: 2340 | J27: 0 | M27: =SUM(G27:K27) -> 6981 | N27: 232.05 | Q27: 3000 | S27: =SUM(N27:R27) -> 3232.05 | T27: =+M27-S27 -> 3748.95
A28: 26 | B28: 1026 | C28: นภัทร (กระเหรี่ยง) | D28: - | E28: - | G28: 1071 | I28: 540 | J28: 0 | M28: =SUM(G28:K28) -> 1611 | Q28: 0 | S28: =SUM(N28:R28) -> 0 | T28: =+M28-S28 -> 1611
A29: 27 | B29: 1027 | C29: ตาโบ้ (กระเหรี่ยง) | D29: - | E29: - | G29: 0 | I29: 0 | J29: 0 | M29: =SUM(G29:K29) -> 0 | Q29: 0 | S29: =SUM(N29:R29) -> 0 | T29: =+M29-S29 -> 0
A30: 28 | B30: 1028 | C30: มนต่มบี้ (กระเหรี่ยง) | D30: - | E30: - | G30: 0 | I30: 0 | J30: 0 | M30: =SUM(G30:K30) -> 0 | Q30: 0 | S30: =SUM(N30:R30) -> 0 | T30: =+M30-S30 -> 0
A31: 29 | B31: 1029 | C31: ขจรชัย (กระเหรี่ยง) | D31: - | E31: - | G31: 3570 | I31: 1800 | J31: 0 | M31: =SUM(G31:K31) -> 5370 | Q31: 0 | S31: =SUM(N31:R31) -> 0 | T31: =+M31-S31 -> 5370
A32: 30 | B32: 1030 | C32: โป้โบ (กระเหรี่ยง) | D32: - | E32: - | G32: 4998 | I32: 2520 | J32: 13 | M32: =SUM(G32:K32) -> 7531 | Q32: 0 | S32: =SUM(N32:R32) -> 0 | T32: =+M32-S32 -> 7531
A33: 31 | B33: 1031 | C33: อานนท์ นาบุญ | D33: - | E33: - | G33: 3570 | I33: 1800 | J33: 0 | M33: =SUM(G33:K33) -> 5370 | Q33: 2500 | S33: =SUM(N33:R33) -> 2500 | T33: =+M33-S33 -> 2870
A34: 32 | B34: 1032 | C34: วรรณ อู่เงิน | D34: - | E34: - | G34: 4998 | I34: 2520 | J34: 0 | M34: =SUM(G34:K34) -> 7518 | N34: 249.9 | Q34: 3000 | S34: =SUM(N34:R34) -> 3249.9 | T34: =+M34-S34 -> 4268.1
A35: 33 | B35: 1033 | C35: ปรางค์ทอง แก้วฤาชา | D35: - | E35: - | G35: 4284 | I35: 2160 | J35: 537 | M35: =SUM(G35:K35) -> 6981 | N35: 214.2 | Q35: 3000 | S35: =SUM(N35:R35) -> 3214.2 | T35: =+M35-S35 -> 3766.8
A36: 34 | B36: 1034 | C36: นางดวงใจ ชื่นชม | D36: - | E36: - | G36: 0 | I36: 0 | J36: 0 | M36: =SUM(G36:K36) -> 0 | N36: 0 | Q36: 0 | S36: =SUM(N36:R36) -> 0 | T36: =+M36-S36 -> 0
A37: 35 | B37: 1035 | C37: ดวงแข หารศึก | D37: - | E37: - | G37: 0 | I37: 0 | J37: 0 | M37: =SUM(G37:K37) -> 0 | N37: 0 | Q37: 0 | S37: =SUM(N37:R37) -> 0 | T37: =+M37-S37 -> 0
A38: 36 | B38: 1036 | C38: น้ำอ้อย โพธิ์ทอง | D38: - | E38: - | G38: 3945 | I38: 1980 | J38: 0 | M38: =SUM(G38:K38) -> 5925 | N38: 197.25 | Q38: 3000 | S38: =SUM(N38:R38) -> 3197.25 | T38: =+M38-S38 -> 2727.75
A39: 37 | B39: 1037 | C39: มณีรัตน์ เดนดง | D39: - | E39: - | G39: 3927 | I39: 1980 | J39: 0 | M39: =SUM(G39:K39) -> 5907 | Q39: 3000 | S39: =SUM(N39:R39) -> 3000 | T39: =+M39-S39 -> 2907
A40: 38 | B40: 1038 | C40: อรสา แสงจันทร์ | D40: - | E40: - | G40: 4998 | I40: 2520 | J40: 240 | M40: =SUM(G40:K40) -> 7758 | N40: 249.9 | Q40: 0 | S40: =SUM(N40:R40) -> 249.9 | T40: =+M40-S40 -> 7508.1
A41: 39 | B41: 1039 | C41: อโนชา วานิ | D41: - | E41: - | G41: 4998 | I41: 2340 | J41: 0 | M41: =SUM(G41:K41) -> 7338 | N41: 249.9 | Q41: 2000 | S41: =SUM(N41:R41) -> 2249.9 | T41: =+M41-S41 -> 5088.1
A42: 40 | B42: 1040 | C42: พฤหัส (กระเหรี่ยง) | D42: - | E42: - | G42: 4641 | I42: 2340 | J42: 210 | M42: =SUM(G42:K42) -> 7191 | Q42: 0 | S42: =SUM(N42:R42) -> 0 | T42: =+M42-S42 -> 7191
A43: 41 | B43: 1041 | C43: ทิพย์วิมล เพ็งสอน | D43: - | E43: - | G43: 4284 | I43: 2160 | J43: 0 | M43: =SUM(G43:K43) -> 6444 | N43: 214.2 | Q43: 3000 | S43: =SUM(N43:R43) -> 3214.2 | T43: =+M43-S43 -> 3229.8
A44: 42 | B44: 1042 | C44: มูทู (กระเหรี่ยง) | D44: - | E44: - | G44: 4641 | I44: 2340 | J44: 0 | M44: =SUM(G44:K44) -> 6981 | Q44: 3000 | S44: =SUM(N44:R44) -> 3000 | T44: =+M44-S44 -> 3981
A45: 43 | B45: 1043 | C45: ดี๊ทูทู (กระเหรี่ยง) | D45: - | E45: - | G45: 4641 | I45: 2340 | J45: 0 | M45: =SUM(G45:K45) -> 6981 | Q45: 0 | S45: =SUM(N45:R45) -> 0 | T45: =+M45-S45 -> 6981
A46: 44 | B46: 1046 | C46: นอดา (กระเหรี่ยง) | D46: - | E46: - | G46: 0 | I46: 0 | J46: 0 | M46: =SUM(G46:K46) -> 0 | N46: 0 | Q46: 0 | S46: =SUM(N46:R46) -> 0 | T46: =+M46-S46 -> 0
A47: 45 | B47: 1047 | C47: หน่อดา (กระเหรี่ยง) | D47: - | E47: - | G47: 3927 | I47: 1980 | J47: 0 | M47: =SUM(G47:K47) -> 5907 | N47: 196.35 | Q47: 0 | S47: =SUM(N47:R47) -> 196.35 | T47: =+M47-S47 -> 5710.65
A48: 46 | B48: 1048 | C48: หน่อดา | D48: - | E48: - | G48: 1071 | I48: 540 | J48: 0 | M48: =SUM(G48:K48) -> 1611 | N48: 53.55 | Q48: 0 | S48: =SUM(N48:R48) -> 53.55 | T48: =+M48-S48 -> 1557.45
A49: 47 | B49: 1049 | C49: น้อวา | D49: - | E49: - | G49: 4641 | I49: 2340 | J49: 0 | M49: =SUM(G49:K49) -> 6981 | N49: 232.05 | Q49: 0 | S49: =SUM(N49:R49) -> 232.05 | T49: =+M49-S49 -> 6748.95
A50: 48 | B50: 1050 | C50: จันทกานต์ (กระเหรี่ยง) | D50: - | E50: - | G50: 4998 | I50: 2520 | J50: 0 | M50: =SUM(G50:K50) -> 7518 | Q50: 3000 | S50: =SUM(N50:R50) -> 3000 | T50: =+M50-S50 -> 4518
A51: 49 | B51: 1051 | C51: เซโยพอ (กระเหรี่ยง) | D51: - | E51: - | G51: 2856 | I51: 1440 | J51: 0 | M51: =SUM(G51:K51) -> 4296 | Q51: 0 | S51: =SUM(N51:R51) -> 0 | T51: =+M51-S51 -> 4296
A52: 50 | B52: 1052 | C52: ดารีนา ไวไธสง | D52: - | E52: - | G52: 0 | I52: 0 | J52: 0 | M52: =SUM(G52:K52) -> 0 | N52: 0 | Q52: 0 | S52: =SUM(N52:R52) -> 0 | T52: =+M52-S52 -> 0
A53: 51 | B53: 1054 | C53: รัตนาพร ชูใจ | D53: - | E53: - | G53: 0 | I53: 0 | J53: 0 | M53: =SUM(G53:K53) -> 0 | N53: 0 | Q53: 0 | S53: =SUM(N53:R53) -> 0 | T53: =+M53-S53 -> 0
A54: 52 | B54: 1055 | C54: วิลัยภรณ์ สมาจารย์ | D54: - | E54: - | G54: 4641 | I54: 0 | J54: 0 | M54: =SUM(G54:K54) -> 4641 | N54: 232.05 | Q54: 0 | S54: =SUM(N54:R54) -> 232.05 | T54: =+M54-S54 -> 4408.95
A55: 53 | B55: 1056 | C55: ประชุม บุตรเพชร | D55: - | E55: - | G55: 4284 | I55: 2160 | J55: 0 | M55: =SUM(G55:K55) -> 6444 | Q55: 0 | S55: =SUM(N55:R55) -> 0 | T55: =+M55-S55 -> 6444
A56: 54 | B56: 1057 | C56: จิราพัชร เนื่องแอม | D56: - | E56: - | G56: 1071 | I56: 540 | J56: 0 | M56: =SUM(G56:K56) -> 1611 | N56: 53.55 | Q56: 0 | S56: =SUM(N56:R56) -> 53.55 | T56: =+M56-S56 -> 1557.45
A57: 55 | B57: 1058 | C57: ลิขิต โลจรัส | D57: - | E57: - | G57: 4284 | I57: 2160 | J57: 0 | M57: =SUM(G57:K57) -> 6444 | N57: 214.2 | Q57: 0 | S57: =SUM(N57:R57) -> 214.2 | T57: =+M57-S57 -> 6229.8
A58: 56 | B58: 1059 | C58: อุไร ดวงสอาด | D58: - | E58: - | G58: 4641 | I58: 2340 | J58: 0 | M58: =SUM(G58:K58) -> 6981 | Q58: 3000 | S58: =SUM(N58:R58) -> 3000 | T58: =+M58-S58 -> 3981
A59: 57 | B59: 1060 | C59: ประนิดา ธรรมวัฒิ | D59: - | E59: - | G59: 4998 | I59: 2520 | J59: 0 | M59: =SUM(G59:K59) -> 7518 | N59: 249.9 | Q59: 0 | S59: =SUM(N59:R59) -> 249.9 | T59: =+M59-S59 -> 7268.1
A60: 58 | B60: 1061 | C60: ประยงค์ ประเสริฐจิตร | D60: - | E60: - | G60: 4284 | I60: 2160 | J60: 0 | M60: =SUM(G60:K60) -> 6444 | N60: 214.2 | Q60: 3000 | S60: =SUM(N60:R60) -> 3214.2 | T60: =+M60-S60 -> 3229.8
A61: 59 | B61: 1062 | C61: เย็นจิตร บุญประวัติ | D61: - | E61: - | G61: 3927 | I61: 1980 | J61: 0 | M61: =SUM(G61:K61) -> 5907 | N61: 196.35 | Q61: 0 | S61: =SUM(N61:R61) -> 196.35 | T61: =+M61-S61 -> 5710.65
A62: 60 | B62: 1063 | C62: นางจิราภรณ์ โมจุ้ย | D62: - | E62: - | G62: 4641 | I62: 2340 | J62: 75 | M62: =SUM(G62:K62) -> 7056 | N62: 232.05 | Q62: 0 | S62: =SUM(N62:R62) -> 232.05 | T62: =+M62-S62 -> 6823.95
A63: 61 | B63: 1064 | C63: ลามึ ตะวันเชิงพลบ | D63: - | E63: - | G63: 4641 | I63: 2340 | J63: 713 | M63: =SUM(G63:K63) -> 7694 | N63: 232.05 | Q63: 0 | S63: =SUM(N63:R63) -> 232.05 | T63: =+M63-S63 -> 7461.95
A64: 62 | B64: 1065 | C64: ทนงค์ ลิทธิเรือง | D64: - | E64: - | G64: 2856 | I64: 1440 | J64: 246 | M64: =SUM(G64:K64) -> 4542 | N64: 142.8 | Q64: 3000 | S64: =SUM(N64:R64) -> 3142.8 | T64: =+M64-S64 -> 1399.2
A65: 63 | B65: 1066 | C65: บรรจง เจริญหุ่น | D65: - | E65: - | G65: 4641 | I65: 2340 | J65: 353 | M65: =SUM(G65:K65) -> 7334 | N65: 232.05 | Q65: 4000 | S65: =SUM(N65:R65) -> 4232.05 | T65: =+M65-S65 -> 3101.95
A66: 64 | B66: 1067 | C66: มึโฉ่ (กระเหรี่ยง) | D66: - | E66: - | G66: 4284 | I66: 2160 | J66: 353 | M66: =SUM(G66:K66) -> 6797 | Q66: 0 | S66: =SUM(N66:R66) -> 0 | T66: =+M66-S66 -> 6797
A67: 65 | B67: 1068 | C67: ละเหม่หม่อง (กระเหรี่ยง) | D67: - | E67: - | G67: 4998 | I67: 2520 | J67: 0 | M67: =SUM(G67:K67) -> 7518 | Q67: 3000 | S67: =SUM(N67:R67) -> 3000 | T67: =+M67-S67 -> 4518
A68: 66 | B68: 1069 | C68: เล้อคึพอ | D68: - | E68: - | G68: 4998 | I68: 2520 | J68: 0 | M68: =SUM(G68:K68) -> 7518 | Q68: 0 | S68: =SUM(N68:R68) -> 0 | T68: =+M68-S68 -> 7518
A69: 67 | B69: 1070 | C69: อรทัย ทองคำ | D69: - | E69: - | G69: 4641 | I69: 2340 | J69: 300 | M69: =SUM(G69:K69) -> 7281 | N69: 232.05 | Q69: 4000 | S69: =SUM(N69:R69) -> 4232.05 | T69: =+M69-S69 -> 3048.95
A70: 68 | B70: 1071 | C70: ดุสดี เชื้อสายร่มเย็น | D70: - | E70: - | G70: 0 | I70: 0 | J70: 0 | M70: =SUM(G70:K70) -> 0 | N70: 0 | Q70: 0 | S70: =SUM(N70:R70) -> 0 | T70: =+M70-S70 -> 0
A71: 69 | B71: 1072 | C71: น่อมึดา --------- | D71: - | E71: - | G71: 0 | I71: 0 | J71: 0 | M71: =SUM(G71:K71) -> 0 | Q71: 0 | S71: =SUM(N71:R71) -> 0 | T71: =+M71-S71 -> 0
A72: 70 | B72: 1073 | C72: บุญใช้ ดงกระโทก | D72: - | E72: - | G72: 4659 | I72: 2340 | J72: 0 | M72: =SUM(G72:K72) -> 6999 | N72: 232.95 | Q72: 2500 | S72: =SUM(N72:R72) -> 2732.95 | T72: =+M72-S72 -> 4266.05
A73: 71 | B73: 1074 | C73: จิรนันท์ วงศ์งาม | D73: - | E73: - | G73: 4596.375 | I73: 2160 | J73: 0 | M73: =SUM(G73:K73) -> 6756.375 | N73: 229.81875 | Q73: 0 | S73: =SUM(N73:R73) -> 229.81875 | T73: =+M73-S73 -> 6526.5562
A74: 72 | B74: 1075 | C74: ฟ้านิรัดร์ พรมศรี | D74: - | E74: - | G74: 0 | I74: 0 | J74: 0 | M74: =SUM(G74:K74) -> 0 | N74: 0 | Q74: 0 | S74: =SUM(N74:R74) -> 0 | T74: =+M74-S74 -> 0
A75: 73 | B75: 1076 | C75: สมพิศ จันทร์ขาว | D75: - | E75: - | G75: 3945 | I75: 1980 | J75: 73 | M75: =SUM(G75:K75) -> 5998 | N75: 197.25 | Q75: 2000 | S75: =SUM(N75:R75) -> 2197.25 | T75: =+M75-S75 -> 3800.75
A76: 74 | B76: 1077 | C76: นงลักษณ์ ดวงแก้ว | D76: - | E76: - | G76: 4302 | I76: 2160 | J76: 386 | M76: =SUM(G76:K76) -> 6848 | N76: 215.1 | Q76: 0 | S76: =SUM(N76:R76) -> 215.1 | T76: =+M76-S76 -> 6632.9
A77: 75 | B77: 1078 | C77: ศิริวิทย์ (กระเหรี่ยง) | D77: - | E77: - | G77: 4302 | I77: 2160 | J77: 26 | M77: =SUM(G77:K77) -> 6488 | Q77: 0 | S77: =SUM(N77:R77) -> 0 | T77: =+M77-S77 -> 6488
A78: 76 | B78: 1079 | C78: มิ่งขวัญ (กระเหรี่ยง) | D78: - | E78: - | G78: 2160 | I78: 1080 | J78: 13 | M78: =SUM(G78:K78) -> 3253 | Q78: 0 | S78: =SUM(N78:R78) -> 0 | T78: =+M78-S78 -> 3253
A79: 77 | B79: 1080 | C79: อนุรักษ์ ศิริแสง | D79: - | E79: - | G79: 4302 | I79: 2160 | J79: 345 | M79: =SUM(G79:K79) -> 6807 | N79: 215.1 | Q79: 3000 | S79: =SUM(N79:R79) -> 3215.1 | T79: =+M79-S79 -> 3591.9
A80: 78 | B80: 1081 | C80: นันทยศ (กระเหรี่ยง) | D80: - | E80: - | G80: 3588 | I80: 1800 | J80: 42 | M80: =SUM(G80:K80) -> 5430 | Q80: 0 | S80: =SUM(N80:R80) -> 0 | T80: =+M80-S80 -> 5430
A81: 79 | B81: 1082 | C81: ธนัชพร สุบิน | D81: - | E81: - | G81: 0 | I81: 0 | J81: 0 | M81: =SUM(G81:K81) -> 0 | N81: 0 | Q81: 0 | S81: =SUM(N81:R81) -> 0 | T81: =+M81-S81 -> 0
A82: 80 | B82: 1083 | C82: ปาน โฮมชัยวงศ์ | D82: - | E82: - | G82: 5016 | I82: 2520 | J82: 569 | M82: =SUM(G82:K82) -> 8105 | N82: 250.8 | Q82: 0 | S82: =SUM(N82:R82) -> 250.8 | T82: =+M82-S82 -> 7854.2
A83: 81 | B83: 1084 | C83: นฤมล พักสร | D83: - | E83: - | G83: 4659 | I83: 2340 | J83: 30 | M83: =SUM(G83:K83) -> 7029 | N83: 232.95 | Q83: 4000 | S83: =SUM(N83:R83) -> 4232.95 | T83: =+M83-S83 -> 2796.05
A84: 82 | B84: 1085 | C84: ตาปี้ (กระเหรี่ยง) | D84: - | E84: - | G84: 2874 | I84: 1440 | J84: 13 | M84: =SUM(G84:K84) -> 4327 | Q84: 0 | S84: =SUM(N84:R84) -> 0 | T84: =+M84-S84 -> 4327
A85: 83 | B85: 1086 | C85: นันทิยา หงสีทอง | D85: - | E85: - | G85: 4641 | I85: 2340 | J85: 149 | M85: =SUM(G85:K85) -> 7130 | N85: 232.05 | Q85: 0 | S85: =SUM(N85:R85) -> 232.05 | T85: =+M85-S85 -> 6897.95
A86: 84 | B86: 1087 | C86: สุวิมล หงลีทอง | D86: - | E86: - | G86: 4659 | I86: 2340 | J86: 149 | M86: =SUM(G86:K86) -> 7148 | N86: 232.95 | Q86: 0 | S86: =SUM(N86:R86) -> 232.95 | T86: =+M86-S86 -> 6915.05
A87: 85 | B87: 1088 | C87: ปกรณ์ | D87: - | E87: - | G87: 4659 | I87: 2340 | J87: 150 | M87: =SUM(G87:K87) -> 7149 | Q87: 0 | S87: =SUM(N87:R87) -> 0 | T87: =+M87-S87 -> 7149
A88: 86 | B88: 1089 | C88: บรรจบ | D88: - | E88: - | G88: 0 | I88: 0 | J88: 0 | M88: =SUM(G88:K88) -> 0 | Q88: 0 | S88: =SUM(N88:R88) -> 0 | T88: =+M88-S88 -> 0
A89: 87 | B89: 1090 | C89: ธวัชชัย อู่เงิน | D89: - | E89: - | G89: 4641 | I89: 2340 | J89: 0 | M89: =SUM(G89:K89) -> 6981 | Q89: 3000 | S89: =SUM(N89:R89) -> 3000 | T89: =+M89-S89 -> 3981
A90: 88 | B90: 1092 | C90: สุดา สมขุนทด | D90: - | E90: - | G90: 4284 | I90: 2160 | J90: 30 | M90: =SUM(G90:K90) -> 6474 | Q90: 3000 | S90: =SUM(N90:R90) -> 3000 | T90: =+M90-S90 -> 3474
A91: 89 | B91: 1093 | C91: กิตติภพ วนานิเวศ | D91: - | E91: - | G91: 4998 | I91: 2520 | J91: 13 | M91: =SUM(G91:K91) -> 7531 | Q91: 0 | S91: =SUM(N91:R91) -> 0 | T91: =+M91-S91 -> 7531
A92: 90 | B92: 1094 | C92: น่อมึ | D92: - | E92: - | G92: 4998 | I92: 2520 | J92: 13 | M92: =SUM(G92:K92) -> 7531 | Q92: 3000 | S92: =SUM(N92:R92) -> 3000 | T92: =+M92-S92 -> 4531
A93: 91 | B93: 1095 | C93: ลำยวง เนยดอน | D93: - | E93: - | G93: 4641 | I93: 2340 | J93: 107 | M93: =SUM(G93:K93) -> 7088 | Q93: 1500 | S93: =SUM(N93:R93) -> 1500 | T93: =+M93-S93 -> 5588
A94: 92 | B94: 1096 | C94: ยงยุทธ | D94: - | E94: - | G94: 3927 | I94: 1980 | J94: 0 | M94: =SUM(G94:K94) -> 5907 | Q94: 0 | S94: =SUM(N94:R94) -> 0 | T94: =+M94-S94 -> 5907
A95: 93 | B95: 1097 | C95: น้องเล็ก | D95: - | E95: - | G95: 714 | I95: 360 | J95: 0 | M95: =SUM(G95:K95) -> 1074 | Q95: 0 | S95: =SUM(N95:R95) -> 0 | T95: =+M95-S95 -> 1074
A96: 94 | B96: 1098 | C96: พอยิ | D96: - | E96: - | G96: 2142 | I96: 1080 | J96: 0 | M96: =SUM(G96:K96) -> 3222 | Q96: 0 | S96: =SUM(N96:R96) -> 0 | T96: =+M96-S96 -> 3222
A97: 95 | B97: 1099 | C97: หฤทัย | D97: - | E97: - | G97: 714 | I97: 360 | J97: 0 | M97: =SUM(G97:K97) -> 1074 | Q97: 0 | S97: =SUM(N97:R97) -> 0 | T97: =+M97-S97 -> 1074
A98: 96 | B98: 1100 | C98: จ่อแฮเห่ง | D98: - | E98: - | G98: 4641 | I98: 2340 | J98: 35 | M98: =SUM(G98:K98) -> 7016 | Q98: 0 | S98: =SUM(N98:R98) -> 0 | T98: =+M98-S98 -> 7016
... A106: 104 | B106: 1108 | C106: อาทิตย์ ณ เชียงใหม่ | D106: - | E106: - | G106: 357 | I106: 180 | J106: 0 | M106: =SUM(G106:K106) -> 537 | Q106: 0 | S106: =SUM(N106:R106) -> 0 | T106: =+M106-S106 -> 537
A107: 105 | B107: 1109 | C107: มาลิษา สีจันทร์ | D107: - | E107: - | G107: 3213 | I107: 1620 | J107: 0 | M107: =SUM(G107:K107) -> 4833 | N107: 160.65 | Q107: 0 | S107: =SUM(N107:R107) -> 160.65 | T107: =+M107-S107 -> 4672.35
...

Sheet Slip
B1: หจก.วิราญกร | V1: *** ลิ้งค์ ข้อมูล ด้วย รหัสพนักงาน
B2: ใบจ่ายเงินเดือน (Pay Slip) | V2: เปลี่ยน รหัสพนักงาน ข้อมูลเปลี่ยนตาม
B4: รหัสพนักงาน : | E4: 1002 | K4: ตำแหน่ง : | N4: {=INDEX(Payroll!D:D,MATCH(E4,Payroll!B:B))} -> -
B5: ชื่อ - นามสกุล : | E5: {=INDEX(Payroll!C:C,MATCH(E4,Payroll!B:B))} -> สมพงษ์ แก้วบุดดา | K5: แผนก : | N5: {=INDEX(Payroll!E:E,MATCH(E4,Payroll!B:B))} -> -
B6: วันที่จ่าย : | E6: 46152 | K6: ค่าจ้างเดือน : | N6: 16-30/04/2026
B8: เงินได้ | K8: เงินหัก
B9: เงินเดือน | E9: {=INDEX(Payroll!G:G,MATCH(E4,Payroll!B:B))} -> 6533.338 | I9: บาท | K9: ประกันสังคม | N9: {=INDEX(Payroll!N:N,MATCH(E4,Payroll!B:B))} -> 326.6669 | R9: บาท
B10: ค่าตำแหน่ง | E10: {=INDEX(Payroll!H:H,MATCH(E4,Payroll!B:B))} -> 0 | I10: บาท | K10: เงินเบิก | N10: =INDEX(Payroll!Q:Q,MATCH(E4,Payroll!B:B)) -> 0 | R10: บาท
B11: OT | E11: {=INDEX(Payroll!I:I,MATCH(E4,Payroll!B:B))} -> 3266.62 | I11: บาท | K11: หักอื่นๆ | N11: =INDEX(Payroll!R:R,MATCH(E4,Payroll!B:B)) -> 0 | R11: บาท
B12: พิเศษ | E12: {=INDEX(Payroll!J:J,MATCH(E4,Payroll!B:B))} -> 7800 | I12: บาท
B15: รวมเงินได้ | E15: =SUM(E9:H14) -> 17599.958 | I15: บาท | K15: รวมเงินหัก | N15: =SUM(N9:Q14) -> 326.6669 | R15: บาท
K17: รวมเงินได้สุทธิ | N17: =E15-N15 -> 17273.291 | R17: บาท
B19: ลงชื่อผู้จ่ายเงิน | K19: ลงชื่อผู้รับเงิน
